id,email,username,created_at,updated_at,name,seen_notification_id,last_posted_at,password_hash,salt,active,username_lower,last_seen_at,admin
1,user1@example.com,user1,2024-03-23,2024-03-23,User 1,33,2024-03-23,password_hash_here,salt_here,t,user1,2024-03-23,f
2,user2@example.com,user2,2024-03-23,2024-03-23,User 2,327,2024-03-23,password_hash_here,salt_here,t,user2,2024-03-23,f
3,user3@example.com,user3,2024-03-23,2024-03-23,User 3,675,2024-03-23,password_hash_here,salt_here,t,user3,2024-03-23,f
4,user4@example.com,user4,2024-03-23,2024-03-23,User 4,617,2024-03-23,password_hash_here,salt_here,t,user4,2024-03-23,f
5,user5@example.com,user5,2024-03-23,2024-03-23,User 5,453,2024-03-23,password_hash_here,salt_here,t,user5,2024-03-23,f
6,user6@example.com,user6,2024-03-23,2024-03-23,User 6,136,2024-03-23,password_hash_here,salt_here,t,user6,2024-03-23,f
7,user7@example.com,user7,2024-03-23,2024-03-23,User 7,28,2024-03-23,password_hash_here,salt_here,t,user7,2024-03-23,f
8,user8@example.com,user8,2024-03-23,2024-03-23,User 8,978,2024-03-23,password_hash_here,salt_here,t,user8,2024-03-23,f
9,user9@example.com,user9,2024-03-23,2024-03-23,User 9,497,2024-03-23,password_hash_here,salt_here,t,user9,2024-03-23,f
10,user10@example.com,user10,2024-03-23,2024-03-23,User 10,6,2024-03-23,password_hash_here,salt_here,t,user10,2024-03-23,f
11,user11@example.com,user11,2024-03-23,2024-03-23,User 11,219,2024-03-23,password_hash_here,salt_here,t,user11,2024-03-23,f
12,user12@example.com,user12,2024-03-23,2024-03-23,User 12,870,2024-03-23,password_hash_here,salt_here,t,user12,2024-03-23,f
13,user13@example.com,user13,2024-03-23,2024-03-23,User 13,904,2024-03-23,password_hash_here,salt_here,t,user13,2024-03-23,f
14,user14@example.com,user14,2024-03-23,2024-03-23,User 14,385,2024-03-23,password_hash_here,salt_here,t,user14,2024-03-23,f
15,user15@example.com,user15,2024-03-23,2024-03-23,User 15,843,2024-03-23,password_hash_here,salt_here,t,user15,2024-03-23,f
16,user16@example.com,user16,2024-03-23,2024-03-23,User 16,668,2024-03-23,password_hash_here,salt_here,t,user16,2024-03-23,f
17,user17@example.com,user17,2024-03-23,2024-03-23,User 17,248,2024-03-23,password_hash_here,salt_here,t,user17,2024-03-23,f
18,user18@example.com,user18,2024-03-23,2024-03-23,User 18,487,2024-03-23,password_hash_here,salt_here,t,user18,2024-03-23,f
19,user19@example.com,user19,2024-03-23,2024-03-23,User 19,77,2024-03-23,password_hash_here,salt_here,t,user19,2024-03-23,f
20,user20@example.com,user20,2024-03-23,2024-03-23,User 20,93,2024-03-23,password_hash_here,salt_here,t,user20,2024-03-23,f
21,user21@example.com,user21,2024-03-23,2024-03-23,User 21,50,2024-03-23,password_hash_here,salt_here,t,user21,2024-03-23,f
22,user22@example.com,user22,2024-03-23,2024-03-23,User 22,515,2024-03-23,password_hash_here,salt_here,t,user22,2024-03-23,f
23,user23@example.com,user23,2024-03-23,2024-03-23,User 23,794,2024-03-23,password_hash_here,salt_here,t,user23,2024-03-23,f
24,user24@example.com,user24,2024-03-23,2024-03-23,User 24,108,2024-03-23,password_hash_here,salt_here,t,user24,2024-03-23,f
25,user25@example.com,user25,2024-03-23,2024-03-23,User 25,119,2024-03-23,password_hash_here,salt_here,t,user25,2024-03-23,f
26,user26@example.com,user26,2024-03-23,2024-03-23,User 26,705,2024-03-23,password_hash_here,salt_here,t,user26,2024-03-23,f
27,user27@example.com,user27,2024-03-23,2024-03-23,User 27,447,2024-03-23,password_hash_here,salt_here,t,user27,2024-03-23,f
28,user28@example.com,user28,2024-03-23,2024-03-23,User 28,822,2024-03-23,password_hash_here,salt_here,t,user28,2024-03-23,f
29,user29@example.com,user29,2024-03-23,2024-03-23,User 29,826,2024-03-23,password_hash_here,salt_here,t,user29,2024-03-23,f
30,user30@example.com,user30,2024-03-23,2024-03-23,User 30,552,2024-03-23,password_hash_here,salt_here,t,user30,2024-03-23,f
31,user31@example.com,user31,2024-03-23,2024-03-23,User 31,339,2024-03-23,password_hash_here,salt_here,t,user31,2024-03-23,f
32,user32@example.com,user32,2024-03-23,2024-03-23,User 32,924,2024-03-23,password_hash_here,salt_here,t,user32,2024-03-23,f
33,user33@example.com,user33,2024-03-23,2024-03-23,User 33,490,2024-03-23,password_hash_here,salt_here,t,user33,2024-03-23,f
34,user34@example.com,user34,2024-03-23,2024-03-23,User 34,545,2024-03-23,password_hash_here,salt_here,t,user34,2024-03-23,f
35,user35@example.com,user35,2024-03-23,2024-03-23,User 35,875,2024-03-23,password_hash_here,salt_here,t,user35,2024-03-23,f
36,user36@example.com,user36,2024-03-23,2024-03-23,User 36,244,2024-03-23,password_hash_here,salt_here,t,user36,2024-03-23,f
37,user37@example.com,user37,2024-03-23,2024-03-23,User 37,932,2024-03-23,password_hash_here,salt_here,t,user37,2024-03-23,f
38,user38@example.com,user38,2024-03-23,2024-03-23,User 38,909,2024-03-23,password_hash_here,salt_here,t,user38,2024-03-23,f
39,user39@example.com,user39,2024-03-23,2024-03-23,User 39,418,2024-03-23,password_hash_here,salt_here,t,user39,2024-03-23,f
40,user40@example.com,user40,2024-03-23,2024-03-23,User 40,374,2024-03-23,password_hash_here,salt_here,t,user40,2024-03-23,f
41,user41@example.com,user41,2024-03-23,2024-03-23,User 41,451,2024-03-23,password_hash_here,salt_here,t,user41,2024-03-23,f
42,user42@example.com,user42,2024-03-23,2024-03-23,User 42,219,2024-03-23,password_hash_here,salt_here,t,user42,2024-03-23,f
43,user43@example.com,user43,2024-03-23,2024-03-23,User 43,575,2024-03-23,password_hash_here,salt_here,t,user43,2024-03-23,f
44,user44@example.com,user44,2024-03-23,2024-03-23,User 44,843,2024-03-23,password_hash_here,salt_here,t,user44,2024-03-23,f
45,user45@example.com,user45,2024-03-23,2024-03-23,User 45,56,2024-03-23,password_hash_here,salt_here,t,user45,2024-03-23,f
46,user46@example.com,user46,2024-03-23,2024-03-23,User 46,471,2024-03-23,password_hash_here,salt_here,t,user46,2024-03-23,f
47,user47@example.com,user47,2024-03-23,2024-03-23,User 47,783,2024-03-23,password_hash_here,salt_here,t,user47,2024-03-23,f
48,user48@example.com,user48,2024-03-23,2024-03-23,User 48,839,2024-03-23,password_hash_here,salt_here,t,user48,2024-03-23,f
49,user49@example.com,user49,2024-03-23,2024-03-23,User 49,647,2024-03-23,password_hash_here,salt_here,t,user49,2024-03-23,f
50,user50@example.com,user50,2024-03-23,2024-03-23,User 50,58,2024-03-23,password_hash_here,salt_here,t,user50,2024-03-23,f
51,user51@example.com,user51,2024-03-23,2024-03-23,User 51,507,2024-03-23,password_hash_here,salt_here,t,user51,2024-03-23,f
52,user52@example.com,user52,2024-03-23,2024-03-23,User 52,972,2024-03-23,password_hash_here,salt_here,t,user52,2024-03-23,f
53,user53@example.com,user53,2024-03-23,2024-03-23,User 53,41,2024-03-23,password_hash_here,salt_here,t,user53,2024-03-23,f
54,user54@example.com,user54,2024-03-23,2024-03-23,User 54,940,2024-03-23,password_hash_here,salt_here,t,user54,2024-03-23,f
55,user55@example.com,user55,2024-03-23,2024-03-23,User 55,633,2024-03-23,password_hash_here,salt_here,t,user55,2024-03-23,f
56,user56@example.com,user56,2024-03-23,2024-03-23,User 56,577,2024-03-23,password_hash_here,salt_here,t,user56,2024-03-23,f
57,user57@example.com,user57,2024-03-23,2024-03-23,User 57,715,2024-03-23,password_hash_here,salt_here,t,user57,2024-03-23,f
58,user58@example.com,user58,2024-03-23,2024-03-23,User 58,617,2024-03-23,password_hash_here,salt_here,t,user58,2024-03-23,f
59,user59@example.com,user59,2024-03-23,2024-03-23,User 59,835,2024-03-23,password_hash_here,salt_here,t,user59,2024-03-23,f
60,user60@example.com,user60,2024-03-23,2024-03-23,User 60,434,2024-03-23,password_hash_here,salt_here,t,user60,2024-03-23,f
61,user61@example.com,user61,2024-03-23,2024-03-23,User 61,131,2024-03-23,password_hash_here,salt_here,t,user61,2024-03-23,f
62,user62@example.com,user62,2024-03-23,2024-03-23,User 62,325,2024-03-23,password_hash_here,salt_here,t,user62,2024-03-23,f
63,user63@example.com,user63,2024-03-23,2024-03-23,User 63,705,2024-03-23,password_hash_here,salt_here,t,user63,2024-03-23,f
64,user64@example.com,user64,2024-03-23,2024-03-23,User 64,61,2024-03-23,password_hash_here,salt_here,t,user64,2024-03-23,f
65,user65@example.com,user65,2024-03-23,2024-03-23,User 65,18,2024-03-23,password_hash_here,salt_here,t,user65,2024-03-23,f
66,user66@example.com,user66,2024-03-23,2024-03-23,User 66,102,2024-03-23,password_hash_here,salt_here,t,user66,2024-03-23,f
67,user67@example.com,user67,2024-03-23,2024-03-23,User 67,782,2024-03-23,password_hash_here,salt_here,t,user67,2024-03-23,f
68,user68@example.com,user68,2024-03-23,2024-03-23,User 68,390,2024-03-23,password_hash_here,salt_here,t,user68,2024-03-23,f
69,user69@example.com,user69,2024-03-23,2024-03-23,User 69,876,2024-03-23,password_hash_here,salt_here,t,user69,2024-03-23,f
70,user70@example.com,user70,2024-03-23,2024-03-23,User 70,809,2024-03-23,password_hash_here,salt_here,t,user70,2024-03-23,f
71,user71@example.com,user71,2024-03-23,2024-03-23,User 71,96,2024-03-23,password_hash_here,salt_here,t,user71,2024-03-23,f
72,user72@example.com,user72,2024-03-23,2024-03-23,User 72,134,2024-03-23,password_hash_here,salt_here,t,user72,2024-03-23,f
73,user73@example.com,user73,2024-03-23,2024-03-23,User 73,336,2024-03-23,password_hash_here,salt_here,t,user73,2024-03-23,f
74,user74@example.com,user74,2024-03-23,2024-03-23,User 74,129,2024-03-23,password_hash_here,salt_here,t,user74,2024-03-23,f
75,user75@example.com,user75,2024-03-23,2024-03-23,User 75,752,2024-03-23,password_hash_here,salt_here,t,user75,2024-03-23,f
76,user76@example.com,user76,2024-03-23,2024-03-23,User 76,770,2024-03-23,password_hash_here,salt_here,t,user76,2024-03-23,f
77,user77@example.com,user77,2024-03-23,2024-03-23,User 77,932,2024-03-23,password_hash_here,salt_here,t,user77,2024-03-23,f
78,user78@example.com,user78,2024-03-23,2024-03-23,User 78,598,2024-03-23,password_hash_here,salt_here,t,user78,2024-03-23,f
79,user79@example.com,user79,2024-03-23,2024-03-23,User 79,830,2024-03-23,password_hash_here,salt_here,t,user79,2024-03-23,f
80,user80@example.com,user80,2024-03-23,2024-03-23,User 80,103,2024-03-23,password_hash_here,salt_here,t,user80,2024-03-23,f
81,user81@example.com,user81,2024-03-23,2024-03-23,User 81,484,2024-03-23,password_hash_here,salt_here,t,user81,2024-03-23,f
82,user82@example.com,user82,2024-03-23,2024-03-23,User 82,498,2024-03-23,password_hash_here,salt_here,t,user82,2024-03-23,f
83,user83@example.com,user83,2024-03-23,2024-03-23,User 83,309,2024-03-23,password_hash_here,salt_here,t,user83,2024-03-23,f
84,user84@example.com,user84,2024-03-23,2024-03-23,User 84,318,2024-03-23,password_hash_here,salt_here,t,user84,2024-03-23,f
85,user85@example.com,user85,2024-03-23,2024-03-23,User 85,204,2024-03-23,password_hash_here,salt_here,t,user85,2024-03-23,f
86,user86@example.com,user86,2024-03-23,2024-03-23,User 86,817,2024-03-23,password_hash_here,salt_here,t,user86,2024-03-23,f
87,user87@example.com,user87,2024-03-23,2024-03-23,User 87,431,2024-03-23,password_hash_here,salt_here,t,user87,2024-03-23,f
88,user88@example.com,user88,2024-03-23,2024-03-23,User 88,230,2024-03-23,password_hash_here,salt_here,t,user88,2024-03-23,f
89,user89@example.com,user89,2024-03-23,2024-03-23,User 89,761,2024-03-23,password_hash_here,salt_here,t,user89,2024-03-23,f
90,user90@example.com,user90,2024-03-23,2024-03-23,User 90,518,2024-03-23,password_hash_here,salt_here,t,user90,2024-03-23,f
91,user91@example.com,user91,2024-03-23,2024-03-23,User 91,260,2024-03-23,password_hash_here,salt_here,t,user91,2024-03-23,f
92,user92@example.com,user92,2024-03-23,2024-03-23,User 92,618,2024-03-23,password_hash_here,salt_here,t,user92,2024-03-23,f
93,user93@example.com,user93,2024-03-23,2024-03-23,User 93,503,2024-03-23,password_hash_here,salt_here,t,user93,2024-03-23,f
94,user94@example.com,user94,2024-03-23,2024-03-23,User 94,771,2024-03-23,password_hash_here,salt_here,t,user94,2024-03-23,f
95,user95@example.com,user95,2024-03-23,2024-03-23,User 95,231,2024-03-23,password_hash_here,salt_here,t,user95,2024-03-23,f
96,user96@example.com,user96,2024-03-23,2024-03-23,User 96,22,2024-03-23,password_hash_here,salt_here,t,user96,2024-03-23,f
97,user97@example.com,user97,2024-03-23,2024-03-23,User 97,207,2024-03-23,password_hash_here,salt_here,t,user97,2024-03-23,f
98,user98@example.com,user98,2024-03-23,2024-03-23,User 98,706,2024-03-23,password_hash_here,salt_here,t,user98,2024-03-23,f
99,user99@example.com,user99,2024-03-23,2024-03-23,User 99,987,2024-03-23,password_hash_here,salt_here,t,user99,2024-03-23,f
100,user100@example.com,user100,2024-03-23,2024-03-23,User 100,504,2024-03-23,password_hash_here,salt_here,t,user100,2024-03-23,f